{"count":1,"self":26.1188656,"total":28.6094384,"children":{"InitializeActuators":{"count":113,"self":0.0019943,"total":0.0019943,"children":null},"InitializeSensors":{"count":113,"self":0.0219426,"total":0.0219426,"children":null},"AgentSendState":{"count":1354,"self":0.47010939999999996,"total":0.60282269999999993,"children":{"UpdateModelSpacePoses":{"count":7157,"self":0.037950399999999995,"total":0.037950399999999995,"children":null},"UpdateLocalSpacePoses":{"count":7157,"self":0.0055975999999999995,"total":0.0055975999999999995,"children":null},"CollectObservations":{"count":7157,"self":0.0060123999999999993,"total":0.0060123999999999993,"children":null},"WriteActionMask":{"count":7157,"self":0.008033499999999999,"total":0.008033499999999999,"children":null},"RequestDecision":{"count":7157,"self":0.0751194,"total":0.0751194,"children":null}}},"DecideAction":{"count":1354,"self":1.6813272,"total":1.7239982999999999,"children":{"RayPerceptionSensor.Perceive":{"count":7157,"self":0.042671099999999997,"total":0.042671099999999997,"children":null}}},"AgentAct":{"count":1354,"self":0.13383029999999999,"total":0.13383029999999999,"children":null},"UpdateModelSpacePoses":{"count":230,"self":0.0029931,"total":0.0029931,"children":null},"UpdateLocalSpacePoses":{"count":230,"self":0.0019947,"total":0.0019947,"children":null}},"gauges":{"DungeonEscape.CumulativeReward":{"count":142,"max":0,"min":0,"runningAverage":0,"value":0,"weightedAverage":0}},"metadata":{"timer_format_version":"0.1.0","start_time_seconds":"1708228322","unity_version":"2022.3.17f1c1","command_line_arguments":"D:\\UNITY\\2022.3.17f1c1\\Editor\\Unity.exe -projectPath D:\\轩辕明月\\桌游\\毕业设计\\NeverRetreat","communication_protocol_version":"1.5.0","com.unity.ml-agents_version":"2.2.1-exp.1","scene_name":"DungeonEscape","end_time_seconds":"1708228351"}}