{"count":1,"self":29.6890176,"total":31.200853199999997,"children":{"InitializeActuators":{"count":16,"self":0.0019947999999999997,"total":0.0019947999999999997,"children":null},"InitializeSensors":{"count":16,"self":0.0039894,"total":0.0039894,"children":null},"AgentSendState":{"count":1473,"self":0.0976201,"total":0.1578751,"children":{"CollectObservations":{"count":3936,"self":0.0050021,"total":0.0050021,"children":null},"WriteActionMask":{"count":3936,"self":0.0049800999999999995,"total":0.0049800999999999995,"children":null},"RequestDecision":{"count":3936,"self":0.0502728,"total":0.0502728,"children":null}}},"DecideAction":{"count":1473,"self":1.1878933999999999,"total":1.2026203,"children":{"RayPerceptionSensor.Perceive":{"count":3936,"self":0.0147269,"total":0.0147269,"children":null}}},"AgentAct":{"count":1473,"self":0.1443593,"total":0.1443593,"children":null}},"gauges":{"Hallway.CumulativeReward":{"count":116,"max":0.965333343,"min":0.814666152,"runningAverage":0.936026,"value":0.9383335,"weightedAverage":0.932807148}},"metadata":{"timer_format_version":"0.1.0","start_time_seconds":"1708228533","unity_version":"2022.3.17f1c1","command_line_arguments":"D:\\UNITY\\2022.3.17f1c1\\Editor\\Unity.exe -projectPath D:\\轩辕明月\\桌游\\毕业设计\\NeverRetreat","communication_protocol_version":"1.5.0","com.unity.ml-agents_version":"2.2.1-exp.1","scene_name":"Hallway","end_time_seconds":"1708228564"}}