{"count":1,"self":25.791123199999998,"total":27.6746095,"children":{"InitializeActuators":{"count":32,"self":0.0029939999999999997,"total":0.0029939999999999997,"children":null},"InitializeSensors":{"count":32,"self":0.0072965999999999994,"total":0.0072965999999999994,"children":null},"AgentSendState":{"count":1292,"self":0.40163719999999997,"total":0.48446259999999997,"children":{"CollectObservations":{"count":8288,"self":0.0029866,"total":0.0029866,"children":null},"WriteActionMask":{"count":8288,"self":0.0079722,"total":0.0079722,"children":null},"RequestDecision":{"count":8288,"self":0.0718666,"total":0.0718666,"children":null}}},"DecideAction":{"count":1292,"self":1.096288,"total":1.1591552999999999,"children":{"RayPerceptionSensor.Perceive":{"count":16576,"self":0.0628673,"total":0.0628673,"children":null}}},"AgentAct":{"count":1292,"self":0.22803179999999998,"total":0.22803179999999998,"children":null}},"gauges":{"PushBlock.CumulativeReward":{"count":465,"max":4.9966,"min":4.88679934,"runningAverage":4.983468,"value":4.9892,"weightedAverage":4.98478651}},"metadata":{"timer_format_version":"0.1.0","start_time_seconds":"1708229431","unity_version":"2022.3.17f1c1","command_line_arguments":"D:\\UNITY\\2022.3.17f1c1\\Editor\\Unity.exe -projectPath D:\\轩辕明月\\桌游\\毕业设计\\NeverRetreat","communication_protocol_version":"1.5.0","com.unity.ml-agents_version":"2.2.1-exp.1","scene_name":"PushBlock","end_time_seconds":"1708229458"}}