{"count":1,"self":101.3544192,"total":109.79665109999999,"children":{"InitializeActuators":{"count":16,"self":0.0029920999999999997,"total":0.0029920999999999997,"children":null},"InitializeSensors":{"count":16,"self":0.0030662999999999997,"total":0.0030662999999999997,"children":null},"AgentSendState":{"count":5402,"self":5.7113863999999994,"total":5.9697347,"children":{"CollectObservations":{"count":17296,"self":0.0702546,"total":0.0702546,"children":null},"WriteActionMask":{"count":17296,"self":0.0174717,"total":0.0174717,"children":null},"RequestDecision":{"count":17296,"self":0.1706219,"total":0.1706219,"children":null}}},"DecideAction":{"count":5402,"self":1.4204545,"total":1.9615519,"children":{"RayPerceptionSensor.Perceive":{"count":51888,"self":0.5410974,"total":0.5410974,"children":null}}},"AgentAct":{"count":5402,"self":0.5038922,"total":0.5038922,"children":null}},"gauges":{"Pyramids.CumulativeReward":{"count":70,"max":1.9326,"min":-0.99994123,"runningAverage":1.76618826,"value":1.9253999,"weightedAverage":1.52063942}},"metadata":{"timer_format_version":"0.1.0","start_time_seconds":"1708229477","unity_version":"2022.3.17f1c1","command_line_arguments":"D:\\UNITY\\2022.3.17f1c1\\Editor\\Unity.exe -projectPath D:\\轩辕明月\\桌游\\毕业设计\\NeverRetreat","communication_protocol_version":"1.5.0","com.unity.ml-agents_version":"2.2.1-exp.1","scene_name":"Pyramids","end_time_seconds":"1708229587"}}